{
  "min_lat": 46.19563963963964,
  "max_lat": 49.09236036036036,
  "min_lon": 9.452130490310292,
  "max_lon": 15.520869509689708,
  "buffer_km": 40,
  "mid_lat": 47.644
}